{
  "HTTP 요청" : {
    "transaction" : "HTTP 요청",
    "sampleCount" : 100,
    "errorCount" : 49,
    "errorPct" : 49.0,
    "meanResTime" : 21383.999999999993,
    "medianResTime" : 23171.5,
    "minResTime" : 7.0,
    "maxResTime" : 58351.0,
    "pct1ResTime" : 45896.6,
    "pct2ResTime" : 50342.89999999999,
    "pct3ResTime" : 58316.499999999985,
    "throughput" : 0.23340000793560026,
    "receivedKBytesPerSec" : 99.5812530342001,
    "sentKBytesPerSec" : 0.015460471228781022
  },
  "총계" : {
    "transaction" : "총계",
    "sampleCount" : 100,
    "errorCount" : 49,
    "errorPct" : 49.0,
    "meanResTime" : 21383.999999999993,
    "medianResTime" : 23171.5,
    "minResTime" : 7.0,
    "maxResTime" : 58351.0,
    "pct1ResTime" : 45896.6,
    "pct2ResTime" : 50342.89999999999,
    "pct3ResTime" : 58316.499999999985,
    "throughput" : 0.23340000793560026,
    "receivedKBytesPerSec" : 99.5812530342001,
    "sentKBytesPerSec" : 0.015460471228781022
  }
}